tabell_navn;aar;bydel_id;vreg_9;kjonn;enhet;tabellvariabel;
befolkning_verdensregion;2015;01;norden;alle;person;1832;
befolkning_verdensregion;2015;01;vest_europa;alle;person;1138;
befolkning_verdensregion;2015;01;eu_ost_europa;alle;person;1929;
befolkning_verdensregion;2015;01;ost_europa_ellers;alle;person;1011;
befolkning_verdensregion;2015;01;nord_amerika_oseania;alle;person;247;
befolkning_verdensregion;2015;01;asia;alle;person;4991;
befolkning_verdensregion;2015;01;afrika;alle;person;3177;
befolkning_verdensregion;2015;01;sor_og_mellom_amerika;alle;person;596;
befolkning_verdensregion;2015;01;alle;alle;person;14921;
befolkning_verdensregion;2015;02;norden;alle;person;2485;
befolkning_verdensregion;2015;02;vest_europa;alle;person;1491;
befolkning_verdensregion;2015;02;eu_ost_europa;alle;person;2852;
befolkning_verdensregion;2015;02;ost_europa_ellers;alle;person;1243;
befolkning_verdensregion;2015;02;nord_amerika_oseania;alle;person;302;
befolkning_verdensregion;2015;02;asia;alle;person;4273;
befolkning_verdensregion;2015;02;afrika;alle;person;2381;
befolkning_verdensregion;2015;02;sor_og_mellom_amerika;alle;person;711;
befolkning_verdensregion;2015;02;alle;alle;person;15738;
befolkning_verdensregion;2015;03;norden;alle;person;1352;
befolkning_verdensregion;2015;03;vest_europa;alle;person;812;
befolkning_verdensregion;2015;03;eu_ost_europa;alle;person;1222;
befolkning_verdensregion;2015;03;ost_europa_ellers;alle;person;617;
befolkning_verdensregion;2015;03;nord_amerika_oseania;alle;person;173;
befolkning_verdensregion;2015;03;asia;alle;person;1834;
befolkning_verdensregion;2015;03;afrika;alle;person;1761;
befolkning_verdensregion;2015;03;sor_og_mellom_amerika;alle;person;386;
befolkning_verdensregion;2015;03;alle;alle;person;8157;
befolkning_verdensregion;2015;04;norden;alle;person;1932;
befolkning_verdensregion;2015;04;vest_europa;alle;person;1216;
befolkning_verdensregion;2015;04;eu_ost_europa;alle;person;1449;
befolkning_verdensregion;2015;04;ost_europa_ellers;alle;person;568;
befolkning_verdensregion;2015;04;nord_amerika_oseania;alle;person;252;
befolkning_verdensregion;2015;04;asia;alle;person;1786;
befolkning_verdensregion;2015;04;afrika;alle;person;986;
befolkning_verdensregion;2015;04;sor_og_mellom_amerika;alle;person;406;
befolkning_verdensregion;2015;04;alle;alle;person;8595;
befolkning_verdensregion;2015;05;norden;alle;person;3358;
befolkning_verdensregion;2015;05;vest_europa;alle;person;2745;
befolkning_verdensregion;2015;05;eu_ost_europa;alle;person;1875;
befolkning_verdensregion;2015;05;ost_europa_ellers;alle;person;985;
befolkning_verdensregion;2015;05;nord_amerika_oseania;alle;person;593;
befolkning_verdensregion;2015;05;asia;alle;person;2853;
befolkning_verdensregion;2015;05;afrika;alle;person;864;
befolkning_verdensregion;2015;05;sor_og_mellom_amerika;alle;person;738;
befolkning_verdensregion;2015;05;alle;alle;person;14011;
befolkning_verdensregion;2015;06;norden;alle;person;842;
befolkning_verdensregion;2015;06;vest_europa;alle;person;893;
befolkning_verdensregion;2015;06;eu_ost_europa;alle;person;1024;
befolkning_verdensregion;2015;06;ost_europa_ellers;alle;person;352;
befolkning_verdensregion;2015;06;nord_amerika_oseania;alle;person;166;
befolkning_verdensregion;2015;06;asia;alle;person;1192;
befolkning_verdensregion;2015;06;afrika;alle;person;332;
befolkning_verdensregion;2015;06;sor_og_mellom_amerika;alle;person;187;
befolkning_verdensregion;2015;06;alle;alle;person;4988;
befolkning_verdensregion;2015;07;norden;alle;person;1232;
befolkning_verdensregion;2015;07;vest_europa;alle;person;1103;
befolkning_verdensregion;2015;07;eu_ost_europa;alle;person;1562;
befolkning_verdensregion;2015;07;ost_europa_ellers;alle;person;389;
befolkning_verdensregion;2015;07;nord_amerika_oseania;alle;person;266;
befolkning_verdensregion;2015;07;asia;alle;person;1706;
befolkning_verdensregion;2015;07;afrika;alle;person;494;
befolkning_verdensregion;2015;07;sor_og_mellom_amerika;alle;person;237;
befolkning_verdensregion;2015;07;alle;alle;person;6989;
befolkning_verdensregion;2015;08;norden;alle;person;1155;
befolkning_verdensregion;2015;08;vest_europa;alle;person;1085;
befolkning_verdensregion;2015;08;eu_ost_europa;alle;person;1350;
befolkning_verdensregion;2015;08;ost_europa_ellers;alle;person;522;
befolkning_verdensregion;2015;08;nord_amerika_oseania;alle;person;211;
befolkning_verdensregion;2015;08;asia;alle;person;1821;
befolkning_verdensregion;2015;08;afrika;alle;person;1060;
befolkning_verdensregion;2015;08;sor_og_mellom_amerika;alle;person;262;
befolkning_verdensregion;2015;08;alle;alle;person;7466;
befolkning_verdensregion;2015;09;norden;alle;person;500;
befolkning_verdensregion;2015;09;vest_europa;alle;person;458;
befolkning_verdensregion;2015;09;eu_ost_europa;alle;person;1766;
befolkning_verdensregion;2015;09;ost_europa_ellers;alle;person;681;
befolkning_verdensregion;2015;09;nord_amerika_oseania;alle;person;55;
befolkning_verdensregion;2015;09;asia;alle;person;4230;
befolkning_verdensregion;2015;09;afrika;alle;person;1402;
befolkning_verdensregion;2015;09;sor_og_mellom_amerika;alle;person;256;
befolkning_verdensregion;2015;09;alle;alle;person;9348;
befolkning_verdensregion;2015;10;norden;alle;person;309;
befolkning_verdensregion;2015;10;vest_europa;alle;person;262;
befolkning_verdensregion;2015;10;eu_ost_europa;alle;person;1131;
befolkning_verdensregion;2015;10;ost_europa_ellers;alle;person;672;
befolkning_verdensregion;2015;10;nord_amerika_oseania;alle;person;53;
befolkning_verdensregion;2015;10;asia;alle;person;4339;
befolkning_verdensregion;2015;10;afrika;alle;person;1843;
befolkning_verdensregion;2015;10;sor_og_mellom_amerika;alle;person;356;
befolkning_verdensregion;2015;10;alle;alle;person;8965;
befolkning_verdensregion;2015;11;norden;alle;person;349;
befolkning_verdensregion;2015;11;vest_europa;alle;person;314;
befolkning_verdensregion;2015;11;eu_ost_europa;alle;person;1284;
befolkning_verdensregion;2015;11;ost_europa_ellers;alle;person;515;
befolkning_verdensregion;2015;11;nord_amerika_oseania;alle;person;31;
befolkning_verdensregion;2015;11;asia;alle;person;6464;
befolkning_verdensregion;2015;11;afrika;alle;person;1767;
befolkning_verdensregion;2015;11;sor_og_mellom_amerika;alle;person;192;
befolkning_verdensregion;2015;11;alle;alle;person;10916;
befolkning_verdensregion;2015;12;norden;alle;person;555;
befolkning_verdensregion;2015;12;vest_europa;alle;person;554;
befolkning_verdensregion;2015;12;eu_ost_europa;alle;person;1860;
befolkning_verdensregion;2015;12;ost_europa_ellers;alle;person;1628;
befolkning_verdensregion;2015;12;nord_amerika_oseania;alle;person;68;
befolkning_verdensregion;2015;12;asia;alle;person;8762;
befolkning_verdensregion;2015;12;afrika;alle;person;2787;
befolkning_verdensregion;2015;12;sor_og_mellom_amerika;alle;person;484;
befolkning_verdensregion;2015;12;alle;alle;person;16698;
befolkning_verdensregion;2015;13;norden;alle;person;769;
befolkning_verdensregion;2015;13;vest_europa;alle;person;527;
befolkning_verdensregion;2015;13;eu_ost_europa;alle;person;1445;
befolkning_verdensregion;2015;13;ost_europa_ellers;alle;person;1009;
befolkning_verdensregion;2015;13;nord_amerika_oseania;alle;person;111;
befolkning_verdensregion;2015;13;asia;alle;person;3172;
befolkning_verdensregion;2015;13;afrika;alle;person;1312;
befolkning_verdensregion;2015;13;sor_og_mellom_amerika;alle;person;278;
befolkning_verdensregion;2015;13;alle;alle;person;8623;
befolkning_verdensregion;2015;14;norden;alle;person;1078;
befolkning_verdensregion;2015;14;vest_europa;alle;person;784;
befolkning_verdensregion;2015;14;eu_ost_europa;alle;person;1515;
befolkning_verdensregion;2015;14;ost_europa_ellers;alle;person;500;
befolkning_verdensregion;2015;14;nord_amerika_oseania;alle;person;165;
befolkning_verdensregion;2015;14;asia;alle;person;1637;
befolkning_verdensregion;2015;14;afrika;alle;person;741;
befolkning_verdensregion;2015;14;sor_og_mellom_amerika;alle;person;265;
befolkning_verdensregion;2015;14;alle;alle;person;6685;
befolkning_verdensregion;2015;15;norden;alle;person;510;
befolkning_verdensregion;2015;15;vest_europa;alle;person;592;
befolkning_verdensregion;2015;15;eu_ost_europa;alle;person;1759;
befolkning_verdensregion;2015;15;ost_europa_ellers;alle;person;882;
befolkning_verdensregion;2015;15;nord_amerika_oseania;alle;person;111;
befolkning_verdensregion;2015;15;asia;alle;person;6725;
befolkning_verdensregion;2015;15;afrika;alle;person;2104;
befolkning_verdensregion;2015;15;sor_og_mellom_amerika;alle;person;293;
befolkning_verdensregion;2015;15;alle;alle;person;12976;
befolkning_verdensregion;2015;16;norden;alle;person;172;
befolkning_verdensregion;2015;16;vest_europa;alle;person;71;
befolkning_verdensregion;2015;16;eu_ost_europa;alle;person;90;
befolkning_verdensregion;2015;16;ost_europa_ellers;alle;person;38;
befolkning_verdensregion;2015;16;nord_amerika_oseania;alle;person;7;
befolkning_verdensregion;2015;16;asia;alle;person;128;
befolkning_verdensregion;2015;16;afrika;alle;person;53;
befolkning_verdensregion;2015;16;sor_og_mellom_amerika;alle;person;19;
befolkning_verdensregion;2015;16;alle;alle;person;578;
befolkning_verdensregion;2015;17;norden;alle;person;47;
befolkning_verdensregion;2015;17;vest_europa;alle;person;28;
befolkning_verdensregion;2015;17;eu_ost_europa;alle;person;47;
befolkning_verdensregion;2015;17;ost_europa_ellers;alle;person;7;
befolkning_verdensregion;2015;17;nord_amerika_oseania;alle;person;7;
befolkning_verdensregion;2015;17;asia;alle;person;23;
befolkning_verdensregion;2015;17;afrika;alle;person;0;
befolkning_verdensregion;2015;17;sor_og_mellom_amerika;alle;person;3;
befolkning_verdensregion;2015;17;alle;alle;person;162;
befolkning_verdensregion;2015;99;norden;alle;person;294;
befolkning_verdensregion;2015;99;vest_europa;alle;person;345;
befolkning_verdensregion;2015;99;eu_ost_europa;alle;person;931;
befolkning_verdensregion;2015;99;ost_europa_ellers;alle;person;91;
befolkning_verdensregion;2015;99;nord_amerika_oseania;alle;person;31;
befolkning_verdensregion;2015;99;asia;alle;person;602;
befolkning_verdensregion;2015;99;afrika;alle;person;600;
befolkning_verdensregion;2015;99;sor_og_mellom_amerika;alle;person;86;
befolkning_verdensregion;2015;99;alle;alle;person;2980;
